supplier_code,supplier_name,supplier_type_code,area_id,contact_name,contact_phone,contact_email,status_code
SUP0001,北京省际客运集团,bus,2,李娜,13800100156,sup0001@example.com,active
SUP0002,北京公联客运站务有限公司,bus,2,盛川,13800100249,sup0002@example.com,active
SUP0003,天津通莎客运有限公司,bus,20,魏然,13800100250,sup0003@example.com,active
SUP0004,石家庄市公路主枢纽客运站务有限公司,bus,38,苏衡,13800100251,sup0004@example.com,active
SUP0005,沈阳客运集团有限公司,bus,463,康宇,13800100252,sup0005@example.com,active
SUP0006,大连交运集团客运有限公司,bus,477,唐骁,13800100253,sup0006@example.com,active
SUP0007,长春公路客运集团有限公司,bus,578,林灿,13800100254,sup0007@example.com,active
SUP0008,哈尔滨交通集团道路客运有限公司,bus,648,彭朗,13800100255,sup0008@example.com,active
SUP0009,上海长途客运南站运营公司,bus,786,王丽,13800100157,sup0009@example.com,active
SUP0010,江苏快鹿汽车运输股份有限公司,bus,804,张伟,13800100158,sup0010@example.com,active
SUP0011,南京公路客运站务有限公司,bus,804,吴婷,13800100165,sup0011@example.com,active
SUP0012,杭州长运运输集团有限公司,bus,915,刘勇,13800100159,sup0012@example.com,active
SUP0013,广东省汽车客运站有限公司,bus,915,郑浩,13800100166,sup0013@example.com,active
SUP0014,济南长途汽车运输有限责任公司,bus,1335,高远,13800100256,sup0014@example.com,active
SUP0015,青岛城运控股交运集团,bus,1348,卢恒,13800100257,sup0015@example.com,active
SUP0016,郑州交运集团客运总站有限公司,bus,1491,卓文,13800100258,sup0016@example.com,active
SUP0017,武汉公路客运集团股份有限公司,bus,1668,申航,13800100259,sup0017@example.com,active
SUP0018,长沙汽车东站运营有限公司,bus,1785,穆尧,13800100260,sup0018@example.com,active
SUP0019,广州公交集团长途汽车运输有限公司,bus,1922,陈静,13800100160,sup0019@example.com,active
SUP0020,成渝高速公路客运有限公司,bus,1922,张涛,13800100167,sup0020@example.com,active
SUP0021,深圳市公路客货运输服务中心,bus,1945,杨帆,13800100161,sup0021@example.com,active
SUP0022,河南公路客运联网售票平台,bus,1945,李明,13800100168,sup0022@example.com,active
SUP0023,南宁运德汽车运输集团有限公司,bus,2068,覃舟,13800100261,sup0023@example.com,active
SUP0024,桂林汽车客运集团有限公司,bus,2092,龙澈,13800100262,sup0024@example.com,active
SUP0025,海口汽车客运总站有限公司,bus,2192,周序,13800100263,sup0025@example.com,active
SUP0026,重庆公路运输集团有限公司,bus,2238,赵军,13800100162,sup0026@example.com,active
SUP0027,山东省交通运输集团客运公司,bus,2238,王磊,13800100169,sup0027@example.com,active
SUP0028,四川汽车运输成都公司,bus,2278,孙强,13800100163,sup0028@example.com,active
SUP0029,福建汽车运输集团有限公司,bus,2278,刘峰,13800100170,sup0029@example.com,active
SUP0030,昆明公交集团长途汽车客运有限公司,bus,2574,章临,13800100264,sup0030@example.com,active
SUP0031,陕西省西安汽车站运营有限公司,bus,2802,周洋,13800100164,sup0031@example.com,active
SUP0032,兰州客运中心有限责任公司,bus,2921,雷澄,13800100265,sup0032@example.com,active
SUP0033,乌鲁木齐市道路旅客运输服务中心,bus,3107,阿里木,13800100266,sup0033@example.com,active
SUP0034,中国国际航空股份有限公司,flight,2,蒋晨,13800100116,sup0034@example.com,active
SUP0035,山东航空股份有限公司,flight,2,王健,13800100123,sup0035@example.com,active
SUP0036,西部航空有限责任公司,flight,2,杨帆,13800100131,sup0036@example.com,active
SUP0037,中国东方航空股份有限公司,flight,786,沈涛,13800100117,sup0037@example.com,active
SUP0038,上海航空有限公司,flight,786,李明,13800100133,sup0038@example.com,active
SUP0039,重庆航空有限责任公司,flight,786,陈琳,13800100136,sup0039@example.com,active
SUP0040,金鹏航空股份有限公司,flight,786,柏舟,13800100234,sup0040@example.com,active
SUP0041,中国联合航空有限公司,flight,804,刘洋,13800100124,sup0041@example.com,active
SUP0042,长龙航空有限公司,flight,804,张璐,13800100132,sup0042@example.com,active
SUP0043,厦门航空有限公司,flight,804,赵磊,13800100137,sup0043@example.com,active
SUP0044,西藏航空有限公司,flight,915,赵峰,13800100125,sup0044@example.com,active
SUP0045,福州航空有限责任公司,flight,1140,顾屿,13800100228,sup0045@example.com,active
SUP0046,江西航空有限公司,flight,1223,陶言,13800100235,sup0046@example.com,active
SUP0047,青岛航空股份有限公司,flight,1348,陆哲,13800100231,sup0047@example.com,active
SUP0048,湖南航空股份有限公司,flight,1785,邱野,13800100233,sup0048@example.com,active
SUP0049,中国南方航空股份有限公司,flight,1922,韩磊,13800100118,sup0049@example.com,active
SUP0050,成都航空有限公司,flight,1922,孙浩,13800100126,sup0050@example.com,active
SUP0051,奥凯航空有限公司,flight,1922,王芳,13800100134,sup0051@example.com,active
SUP0052,九元航空有限公司,flight,1922,罗川,13800100225,sup0052@example.com,active
SUP0053,海南航空控股股份有限公司,flight,1945,杨萌,13800100119,sup0053@example.com,active
SUP0054,华夏航空股份有限公司,flight,1945,周婷,13800100127,sup0054@example.com,active
SUP0055,河北航空有限公司,flight,1945,刘强,13800100135,sup0055@example.com,active
SUP0056,北部湾航空有限责任公司,flight,2068,沈昀,13800100230,sup0056@example.com,active
SUP0057,吉祥航空股份有限公司,flight,2238,朱诺,13800100120,sup0057@example.com,active
SUP0058,天津航空有限责任公司,flight,2238,吴静,13800100128,sup0058@example.com,active
SUP0059,西藏航空重庆分公司,flight,2238,闻泽,13800100232,sup0059@example.com,active
SUP0060,四川航空股份有限公司,flight,2278,张楠,13800100121,sup0060@example.com,active
SUP0061,首都航空有限公司,flight,2278,郑伟,13800100129,sup0061@example.com,active
SUP0062,瑞丽航空有限公司,flight,2574,江澈,13800100226,sup0062@example.com,active
SUP0063,昆明航空有限公司,flight,2574,许航,13800100227,sup0063@example.com,active
SUP0064,红土航空股份有限公司,flight,2574,方野,13800100236,sup0064@example.com,active
SUP0065,春秋航空股份有限公司,flight,2802,李想,13800100122,sup0065@example.com,active
SUP0066,深圳航空有限责任公司,flight,2802,陈晨,13800100130,sup0066@example.com,active
SUP0067,幸福航空有限责任公司,flight,2802,秦峥,13800100229,sup0067@example.com,active
SUP0068,北京首旅酒店集团,hotel,2,张晨,13800138001,sup0068@example.com,active
SUP0069,首旅如家酒店集团,hotel,38,韩松,13800100171,sup0069@example.com,active
SUP0070,锦江国际酒店集团,hotel,786,李诺,13800100102,sup0070@example.com,active
SUP0071,华住酒店集团,hotel,804,王涛,13800100103,sup0071@example.com,active
SUP0072,金陵酒店管理有限公司,hotel,804,顾宁,13800100172,sup0072@example.com,active
SUP0073,开元酒店集团,hotel,915,赵宇,13800100104,sup0073@example.com,active
SUP0074,君澜酒店集团,hotel,915,许岚,13800100173,sup0074@example.com,active
SUP0075,山东蓝海酒店集团,hotel,1335,马骁,13800100179,sup0075@example.com,active
SUP0076,青岛海景花园酒店管理公司,hotel,1348,曹宁,13800100180,sup0076@example.com,active
SUP0077,河南中州国际酒店集团,hotel,1491,谢凡,13800100181,sup0077@example.com,active
SUP0078,武汉联投丽笙酒店管理公司,hotel,1668,谭越,13800100182,sup0078@example.com,active
SUP0079,湖南华天大酒店股份有限公司,hotel,1785,彭真,13800100183,sup0079@example.com,active
SUP0080,岭南酒店集团,hotel,1922,陈洁,13800100105,sup0080@example.com,active
SUP0081,保利酒店管理有限公司,hotel,1922,梁哲,13800100174,sup0081@example.com,active
SUP0082,深圳格兰云天酒店集团,hotel,1945,杨雯,13800100106,sup0082@example.com,active
SUP0083,招商伊敦酒店及公寓管理有限公司,hotel,1945,何清,13800100175,sup0083@example.com,active
SUP0084,广西沃顿国际大酒店管理公司,hotel,2068,莫林,13800100184,sup0084@example.com,active
SUP0085,海南康年皇冠花园酒店管理公司,hotel,2192,唐恺,13800100185,sup0085@example.com,active
SUP0086,重庆世纪金源大饭店管理公司,hotel,2238,吴磊,13800100107,sup0086@example.com,active
SUP0087,重庆两江假日酒店管理公司,hotel,2238,邓凯,13800100176,sup0087@example.com,active
SUP0088,岷山酒店集团,hotel,2278,郑安,13800100108,sup0088@example.com,active
SUP0089,德胧酒店集团,hotel,2278,罗颖,13800100177,sup0089@example.com,active
SUP0090,贵州饭店酒店管理集团,hotel,2476,苏远,13800100186,sup0090@example.com,active
SUP0091,云南海埂酒店管理有限公司,hotel,2574,段宁,13800100187,sup0091@example.com,active
SUP0092,西安旅游酒店管理集团,hotel,2802,冯萌,13800100109,sup0092@example.com,active
SUP0093,西旅万澳酒店管理有限公司,hotel,2802,宋扬,13800100178,sup0093@example.com,active
SUP0094,甘肃阳光大酒店管理公司,hotel,2921,贺川,13800100188,sup0094@example.com,active
SUP0095,宁夏凯宾斯基饭店管理公司,hotel,3079,白璟,13800100189,sup0095@example.com,active
SUP0096,新疆银星大酒店管理有限公司,hotel,3107,安睿,13800100190,sup0096@example.com,active
SUP0097,北京文旅景区运营集团,scenic,2,钱轩,13800100110,sup0097@example.com,active
SUP0098,石家庄文旅投景区运营公司,scenic,38,顾行,13800100191,sup0098@example.com,active
SUP0099,秦皇岛旅游控股景区管理公司,scenic,76,姚岚,13800100192,sup0099@example.com,active
SUP0100,太原文旅集团景区管理公司,scenic,217,乔川,13800100196,sup0100@example.com,active
SUP0101,呼和浩特文旅投资集团景区公司,scenic,347,沈乔,13800100197,sup0101@example.com,active
SUP0102,沈阳盛京文旅发展集团,scenic,463,林越,13800100198,sup0102@example.com,active
SUP0103,大连老虎滩海洋公园运营公司,scenic,477,程舟,13800100199,sup0103@example.com,active
SUP0104,长春净月潭景区运营管理公司,scenic,578,唐冉,13800100200,sup0104@example.com,active
SUP0105,哈尔滨冰雪大世界股份有限公司,scenic,648,霍宁,13800100201,sup0105@example.com,active
SUP0106,上海东方明珠景区管理公司,scenic,786,孙媛,13800100111,sup0106@example.com,active
SUP0107,南京钟山风景区文旅运营公司,scenic,804,石昀,13800100193,sup0107@example.com,active
SUP0108,苏州园林旅游发展有限公司,scenic,842,叶笙,13800100202,sup0108@example.com,active
SUP0109,杭州西湖文旅集团,scenic,915,周雨,13800100112,sup0109@example.com,active
SUP0110,宁波文旅会展集团景区公司,scenic,929,顾川,13800100203,sup0110@example.com,active
SUP0111,合肥滨湖文旅集团景区运营公司,scenic,1019,夏朗,13800100204,sup0111@example.com,active
SUP0112,福州三坊七巷保护开发公司,scenic,1140,蒋朔,13800100205,sup0112@example.com,active
SUP0113,厦门鼓浪屿旅游投资集团,scenic,1154,白策,13800100206,sup0113@example.com,active
SUP0114,南昌滕王阁旅游区运营公司,scenic,1223,简航,13800100207,sup0114@example.com,active
SUP0115,济南天下第一泉景区运营公司,scenic,1335,孟卓,13800100208,sup0115@example.com,active
SUP0116,青岛海滨风景区管理公司,scenic,1348,黎晓,13800100209,sup0116@example.com,active
SUP0117,郑州黄河文化公园运营公司,scenic,1491,邵临,13800100210,sup0117@example.com,active
SUP0118,洛阳龙门石窟旅游集团,scenic,1514,岑岳,13800100211,sup0118@example.com,active
SUP0119,武汉黄鹤楼公园运营管理公司,scenic,1668,袁科,13800100212,sup0119@example.com,active
SUP0120,长沙岳麓山橘子洲旅游区管理公司,scenic,1785,贺言,13800100213,sup0120@example.com,active
SUP0121,广州岭南文旅投资集团,scenic,1922,吴安,13800100113,sup0121@example.com,active
SUP0122,深圳华侨城文旅科技集团,scenic,1945,郑洁,13800100114,sup0122@example.com,active
SUP0123,南宁青秀山风景区运营公司,scenic,2068,陆川,13800100214,sup0123@example.com,active
SUP0124,桂林旅游股份有限公司,scenic,2092,柳舟,13800100215,sup0124@example.com,active
SUP0125,海口火山口公园运营管理公司,scenic,2192,莫尧,13800100216,sup0125@example.com,active
SUP0126,三亚旅游文化投资集团,scenic,2197,纪湛,13800100217,sup0126@example.com,active
SUP0127,重庆武隆喀斯特旅游产业集团,scenic,2238,雷珂,13800100194,sup0127@example.com,active
SUP0128,成都文旅集团,scenic,2278,王宇,13800100115,sup0128@example.com,active
SUP0129,贵阳文旅投景区运营公司,scenic,2476,盛屿,13800100218,sup0129@example.com,active
SUP0130,昆明世博园景区运营公司,scenic,2574,宁恺,13800100219,sup0130@example.com,active
SUP0131,拉萨布达拉宫景区服务公司,scenic,2720,索朗,13800100220,sup0131@example.com,active
SUP0132,西安曲江文化旅游股份有限公司,scenic,2802,严畅,13800100195,sup0132@example.com,active
SUP0133,兰州黄河风情线旅游公司,scenic,2921,郝骁,13800100221,sup0133@example.com,active
SUP0134,西宁塔尔寺文旅服务公司,scenic,3025,扎西,13800100222,sup0134@example.com,active
SUP0135,银川沙湖旅游运营集团,scenic,3079,杜铮,13800100223,sup0135@example.com,active
SUP0136,乌鲁木齐天山大峡谷景区运营公司,scenic,3107,艾力,13800100224,sup0136@example.com,active
SUP0137,中国铁路北京局集团有限公司,train,2,孙伟,13800100138,sup0137@example.com,active
SUP0138,中国铁路沈阳局集团大连车务段,train,477,顾骁,13800100247,sup0138@example.com,active
SUP0139,中国铁路哈尔滨局集团牡丹江客运段,train,648,常宁,13800100246,sup0139@example.com,active
SUP0140,中国铁路上海局集团有限公司,train,786,周敏,13800100139,sup0140@example.com,active
SUP0141,中国铁路太原局集团有限公司,train,804,张艳,13800100145,sup0141@example.com,active
SUP0142,中国铁路武汉局集团有限公司,train,804,郑秀英,13800100152,sup0142@example.com,active
SUP0143,中国铁路上海局集团南京客运段,train,804,岳衡,13800100240,sup0143@example.com,active
SUP0144,中国铁路呼和浩特局集团有限公司,train,915,刘洋,13800100146,sup0144@example.com,active
SUP0145,中国铁路南宁局集团有限公司,train,915,王建华,13800100153,sup0145@example.com,active
SUP0146,中国铁路上海局集团杭州客运段,train,915,祁铭,13800100241,sup0146@example.com,active
SUP0147,中国铁路南昌局集团福州客运段,train,1140,程启,13800100238,sup0147@example.com,active
SUP0148,中国铁路南昌局集团厦门客运段,train,1154,齐远,13800100239,sup0148@example.com,active
SUP0149,中国铁路济南局集团青岛客运段,train,1348,霍川,13800100245,sup0149@example.com,active
SUP0150,中国铁路郑州局集团洛阳车务段,train,1514,池越,13800100244,sup0150@example.com,active
SUP0151,中国铁路武汉局集团襄阳客运段,train,1668,袁青,13800100243,sup0151@example.com,active
SUP0152,中国铁路广州局集团长沙客运段,train,1785,柯洋,13800100242,sup0152@example.com,active
SUP0153,中国铁路广州局集团有限公司,train,1922,吴昊,13800100140,sup0153@example.com,active
SUP0154,中国铁路乌鲁木齐局集团有限公司,train,1922,陈飞,13800100147,sup0154@example.com,active
SUP0155,中国铁路哈尔滨局集团有限公司,train,1922,刘晓峰,13800100154,sup0155@example.com,active
SUP0156,中国铁路沈阳局集团有限公司,train,1945,郑鑫,13800100141,sup0156@example.com,active
SUP0157,中国铁路济南局集团有限公司,train,1945,赵倩,13800100148,sup0157@example.com,active
SUP0158,中国铁路青藏集团有限公司,train,1945,张志国,13800100155,sup0158@example.com,active
SUP0159,中国铁路兰州局集团有限公司,train,2238,王鹏,13800100142,sup0159@example.com,active
SUP0160,中国铁路南昌局集团有限公司,train,2238,孙杰,13800100149,sup0160@example.com,active
SUP0161,中国铁路成都局集团有限公司,train,2278,冯雪,13800100143,sup0161@example.com,active
SUP0162,中国铁路昆明局集团有限公司,train,2278,周琳,13800100150,sup0162@example.com,active
SUP0163,中国铁路昆明局集团滇西铁路公司,train,2574,温林,13800100237,sup0163@example.com,active
SUP0164,中国铁路西安局集团有限公司,train,2802,李勇,13800100144,sup0164@example.com,active
SUP0165,中国铁路郑州局集团有限公司,train,2802,吴超,13800100151,sup0165@example.com,active
SUP0166,中国铁路乌鲁木齐局集团客运段,train,3107,阿迪力,13800100248,sup0166@example.com,active
SUP0167,曹操出行企业用车服务,transfer,2,顾辰,13800100267,sup0167@example.com,active
SUP0168,首汽约车企业出行服务,transfer,786,陈叙,13800100269,sup0168@example.com,active
SUP0169,享道出行企业专车服务,transfer,786,施扬,13800100275,sup0169@example.com,active
SUP0170,T3出行企业级接送服务,transfer,804,周砚,13800100268,sup0170@example.com,active
SUP0171,飞猪用车接送服务平台,transfer,915,韩序,13800100271,sup0171@example.com,active
SUP0172,携程机场接送服务平台,transfer,1922,林哲,13800100270,sup0172@example.com,active
SUP0173,如祺出行企业用车服务,transfer,1922,邹恺,13800100274,sup0173@example.com,active
SUP0174,广州白云机场空港快线服务公司,transfer,1922,欧宁,13800100276,sup0174@example.com,active
SUP0175,神州租车企业接送服务,transfer,1945,梁川,13800100272,sup0175@example.com,active
SUP0176,滴滴出行企业版用车服务,transfer,2238,杨萌,13800100119,sup0176@example.com,active
SUP0177,一嗨租车企业出行服务,transfer,2278,谢川,13800100273,sup0177@example.com,active
SUP0178,神州专车企业出行服务,transfer,2802,朱诺,13800100120,sup0178@example.com,active
